mse,rmse,mape,r2,time_in_seconds
0.13975644274311205,0.37,6.367900088283841,-0.27184182480712016,47
