mse,rmse,mape,r2,time_in_seconds
0.760183146216977,0.87,11.259521013407245,0.6168523418575695,47
