mse,rmse,mape,r2,time_in_seconds
0.9301312562455587,0.96,16.959665419882437,0.5311950621780257,48
