mse,rmse,mape,r2,time_in_seconds
0.10786333688881655,0.33,5.749094118202276,0.018398719044250833,48
