mse,rmse,mape,r2,time_in_seconds
1.5120690882415198,1.23,20.988140200680185,-11.709034050044046,46
