mse,rmse,mape,r2,time_in_seconds
1.0255946372812226e-28,0.0,1.899638877679694e-13,1.0,46
