mse,rmse,mape,r2,time_in_seconds
1.3160299726049938,1.15,16.481662913857416,0.3446739179507312,59
