mse,rmse,mape,r2,time_in_seconds
0.779654936940329,0.88,15.979510276911583,-5.553047885122094,59
