mse,rmse,mape,r2,time_in_seconds
0.29844084183799835,0.55,10.487391069155903,-1.715935934187336,47
