mse,rmse,mape,r2,time_in_seconds
0.7801746795726754,0.88,12.045588678780849,0.606776205302806,47
